{
    "dashboard":{
        "heading":[
            {
                "title":"Types of Waste",
                "data":[
                    {
                        "title":"Food Waste",
                        "icon":"food",
                        "description":"description"
                    },
                    {
                        "title":"E-Waste",
                        "icon":"food",
                        "description":"description"
                    },
                    {
                        "title":"Paper",
                        "icon":"food",
                        "description":"description"
                    }
                ]
            }
        ]
    }
}